accession,fsp,species,modifier,complex
GCA_000149955.2,lycopersici,Fusarium oxysporum,4287,FOSC
GCA_000182925.2,NA,Neurospora crassa,OR74A,External
GCA_000222805.1,conglutinans,Fusarium oxysporum,Fo5176,FOSC
GCA_000240135.3,NA,Fusarium graminearum,PH-1 NRRL 31084,FSAMSC
GCA_000259975.2,lycopersici,Fusarium oxysporum,MN25,FOSC
GCA_000260175.2,vasinfectum,Fusarium oxysporum,25433,FOSC
GCA_000260195.1,NA,Fusarium odoratissimum,NRRL 54006,FOSC
GCA_000260215.2,conglutinans,Fusarium oxysporum,54008,FOSC
GCA_000260495.2,melonis,Fusarium oxysporum,26406,FOSC
GCA_000303195.2,NA,Fusarium pseudograminearum,CS3096,FSAMSC
GCA_001519035.1,conglutinans,Fusarium oxysporum,1,FOSC
GCA_001702495.1,cucumerinum,Fusarium oxysporum,Foc013,FOSC
GCA_001702505.1,niveum,Fusarium oxysporum,Fon005,FOSC
GCA_001702515.1,cucumerinum,Fusarium oxysporum,Foc001,FOSC
GCA_001702545.1,cucumerinum,Fusarium oxysporum,Foc018,FOSC
GCA_001702555.1,cucumerinum,Fusarium oxysporum,Foc021,FOSC
GCA_001702575.1,cucumerinum,Fusarium oxysporum,Foc015,FOSC
GCA_001702615.1,cucumerinum,Fusarium oxysporum,Foc030,FOSC
GCA_001702635.1,cucumerinum,Fusarium oxysporum,Foc037,FOSC
GCA_001702655.1,cucumerinum,Fusarium oxysporum,Foc035,FOSC
GCA_001702715.1,niveum,Fusarium oxysporum,Fon019,FOSC
GCA_001702745.1,niveum,Fusarium oxysporum,Fon002,FOSC
GCA_001702775.1,niveum,Fusarium oxysporum,Fon013,FOSC
GCA_001702785.1,niveum,Fusarium oxysporum,Fon010,FOSC
GCA_001702795.1,niveum,Fusarium oxysporum,Fon015,FOSC
GCA_001702805.1,niveum,Fusarium oxysporum,Fon020,FOSC
GCA_001702845.1,niveum,Fusarium oxysporum,Fon037,FOSC
GCA_001702865.1,niveum,Fusarium oxysporum,Fon021,FOSC
GCA_001702875.1,lycopersici,Fusarium oxysporum,Fol004,FOSC
GCA_001702905.1,lycopersici,Fusarium oxysporum,Fol007,FOSC
GCA_001702935.1,lycopersici,Fusarium oxysporum,Fol026,FOSC
GCA_001702945.1,lycopersici,Fusarium oxysporum,Fol014,FOSC
GCA_001702955.1,lycopersici,Fusarium oxysporum,Fol018,FOSC
GCA_001702995.1,lycopersici,Fusarium oxysporum,Fol016,FOSC
GCA_001703015.1,lycopersici,Fusarium oxysporum,Fol038,FOSC
GCA_001703025.1,lycopersici,Fusarium oxysporum,Fol029,FOSC
GCA_001703035.1,lycopersici,Fusarium oxysporum,Fol069,FOSC
GCA_001703065.1,lycopersici,Fusarium oxysporum,Fol072,FOSC
GCA_001703085.1,lycopersici,Fusarium oxysporum,Fol073,FOSC
GCA_001703105.1,lycopersici,Fusarium oxysporum,Fol074,FOSC
GCA_001703135.1,lycopersici,Fusarium oxysporum,Fol075,FOSC
GCA_001703205.2,melonis,Fusarium oxysporum,Fom005,FOSC
GCA_001703215.1,melonis,Fusarium oxysporum,Fom004,FOSC
GCA_001703255.1,melonis,Fusarium oxysporum,Fom006,FOSC
GCA_001703265.1,melonis,Fusarium oxysporum,Fom009,FOSC
GCA_001703295.1,melonis,Fusarium oxysporum,Fom011,FOSC
GCA_001703305.1,melonis,Fusarium oxysporum,Fom010,FOSC
GCA_001703335.1,melonis,Fusarium oxysporum,Fom013,FOSC
GCA_001703345.1,melonis,Fusarium oxysporum,Fom012,FOSC
GCA_001703355.1,lycopersici,Fusarium oxysporum,Fol002,FOSC
GCA_001703365.1,melonis,Fusarium oxysporum,Fom016,FOSC
GCA_001703455.1,cucumerinum,Fusarium oxysporum,Foc011,FOSC
GCA_002233955.1,physali,Fusarium oxysporum,KOD888,FOSC
GCA_002233985.1,physali,Fusarium oxysporum,KOD887,FOSC
GCA_002233995.1,physali,Fusarium oxysporum,KOD886,FOSC
GCA_002711385.1,conglutinans,Fusarium oxysporum,58385,FOSC
GCA_003316985.1,NA,Fusarium coffeatum,FIESC_28,FIESC
GCA_003977725.1,lycopersici,Fusarium oxysporum,race 3 D11,FOSC
GCA_009602505.1,vasinfectum,Fusarium oxysporum,TF1,FOSC
GCA_009602545.1,vasinfectum,Fusarium oxysporum,LA3B,FOSC
GCA_009602615.1,vasinfectum,Fusarium oxysporum,LA1E,FOSC
GCA_009602625.1,vasinfectum,Fusarium oxysporum,14-004,FOSC
GCA_009602635.1,vasinfectum,Fusarium oxysporum,89-1A,FOSC
GCA_011034095.1,NA,Fusarium cf. aywerte,EtdFoc-240,FCSC
GCA_012026625.1,lini,Fusarium oxysporum,39,FOSC
GCA_012610785.1,vasinfectum,Fusarium oxysporum,NRRL 25432,FOSC
GCA_012610815.1,vasinfectum,Fusarium oxysporum,NRRL 31665,FOSC
GCA_012610825.1,vasinfectum,Fusarium oxysporum,NRRL 25434,FOSC
GCA_012610835.1,vasinfectum,Fusarium oxysporum,NRRL 25420,FOSC
GCA_013085055.1,NA,Fusarium oxysporum,Fo47,FOSC
GCA_013186375.1,NA,Fusarium aywerte,NRRL 25410,FASC
GCA_013347345.1,spinaciae,Fusarium oxysporum,Fus254,FOSC
GCA_013347355.1,spinaciae,Fusarium oxysporum,Fus187,FOSC
GCA_013347365.1,spinaciae,Fusarium oxysporum,Fus191,FOSC
GCA_013347375.1,spinaciae,Fusarium oxysporum,Fus259,FOSC
GCA_013347385.1,spinaciae,Fusarium oxysporum,Fus250,FOSC
GCA_013347495.1,spinaciae,Fusarium oxysporum,Fus173,FOSC
GCA_013347505.1,spinaciae,Fusarium oxysporum,Fus322,FOSC
GCA_013347515.1,spinaciae,Fusarium oxysporum,Fus057,FOSC
GCA_013347525.1,spinaciae,Fusarium oxysporum,Fus059,FOSC
GCA_013347535.1,spinaciae,Fusarium oxysporum,Fus167,FOSC
GCA_013347595.1,spinaciae,Fusarium oxysporum,Fus017,FOSC
GCA_013347635.1,spinaciae,Fusarium oxysporum,Fus001,FOSC
GCA_013423225.1,lini,Fusarium oxysporum,F329,FOSC
GCA_013423235.1,lini,Fusarium oxysporum,F324,FOSC
GCA_013423245.1,lini,Fusarium oxysporum,39,FOSC
GCA_013423255.1,lini,Fusarium oxysporum,F287,FOSC
GCA_013423265.1,lini,Fusarium oxysporum,F282,FOSC
GCA_013618295.1,NA,Fusarium armeniacum,NRRL 25141,FSAMSC
GCA_013623845.1,NA,Fusarium foetens,NRRL 38302,FOSC
GCA_014154955.1,conglutinans,Fusarium oxysporum,Fo5176,FOSC
GCA_014602775.1,niveum,Fusarium oxysporum,R2,FOSC
GCA_014602795.1,niveum,Fusarium oxysporum,R3,FOSC
GCA_014602815.1,niveum,Fusarium oxysporum,R1,FOSC
GCA_014898915.1,NA,Fusarium chlamydosporum,NRRL 13444,FCSC
GCA_014898925.1,NA,Fusarium nelsonii,NRRL 13338,FCSC
GCA_014898975.1,NA,Fusarium nodosum,NRRL 36351,FSAMSC
GCA_014898995.1,NA,Fusarium sibiricum,NRRL 53430,FSAMSC
GCA_015227905.1,spinaciae,Fusarium oxysporum,MF42,FOSC
GCA_015228045.1,spinaciae,Fusarium oxysporum,MF34,FOSC
GCA_015228055.1,spinaciae,Fusarium oxysporum,MF15,FOSC
GCA_015345885.1,lycopersici,Fusarium oxysporum,Fol001,FOSC
GCA_015345895.1,lycopersici,Fusarium oxysporum,Fol010,FOSC
GCA_016163805.1,fragariae,Fusarium oxysporum,SK1,FOSC
GCA_016163825.1,fragariae,Fusarium oxysporum,NRF0995b,FOSC
GCA_016163845.1,fragariae,Fusarium oxysporum,NRF0903,FOSC
GCA_016163855.1,fragariae,Fusarium oxysporum,NRF0833,FOSC
GCA_016163875.1,fragariae,Fusarium oxysporum,NRF0806,FOSC
GCA_016163905.1,fragariae,Fusarium oxysporum,Nasushiobara1,FOSC
GCA_016163965.1,fragariae,Fusarium oxysporum,N-18462,FOSC
GCA_016163975.1,fragariae,Fusarium oxysporum,N-17203,FOSC
GCA_016164105.1,fragariae,Fusarium oxysporum,MAFF744009,FOSC
GCA_016164135.1,fragariae,Fusarium oxysporum,MAFF712071,FOSC
GCA_016164145.1,fragariae,Fusarium oxysporum,MAFF727510,FOSC
GCA_016165865.1,fragariae,Fusarium oxysporum,MAFF305558,FOSC
GCA_016165915.1,fragariae,Fusarium oxysporum,MAFF305557,FOSC
GCA_016165935.1,fragariae,Fusarium oxysporum,GL945,FOSC
GCA_016165945.1,mori,Fusarium oxysporum,GL1804,FOSC
GCA_016166065.1,fragariae,Fusarium oxysporum,GL1517,FOSC
GCA_016166085.1,fragariae,Fusarium oxysporum,GL1385,FOSC
GCA_016166095.1,fragariae,Fusarium oxysporum,GL1315,FOSC
GCA_016166105.1,fragariae,Fusarium oxysporum,GL1270,FOSC
GCA_016166135.1,fragariae,Fusarium oxysporum,GL1268,FOSC
GCA_016166175.1,fragariae,Fusarium oxysporum,GL1150,FOSC
GCA_016166195.1,fragariae,Fusarium oxysporum,GL1059,FOSC
GCA_016166215.1,fragariae,Fusarium oxysporum,Fus08-78,FOSC
GCA_016166225.1,fragariae,Fusarium oxysporum,F79,FOSC
GCA_016166245.1,fragariae,Fusarium oxysporum,F74,FOSC
GCA_016166285.1,fragariae,Fusarium oxysporum,BRIP63546a,FOSC
GCA_016166325.1,fragariae,Fusarium oxysporum,BRIP62122a,FOSC
GCA_016166335.1,fragariae,Fusarium oxysporum,BRIP62106a,FOSC
GCA_016166345.1,fragariae,Fusarium oxysporum,BRIP62109a,FOSC
GCA_016166365.1,fragariae,Fusarium oxysporum,BRIP53855a,FOSC
GCA_016166385.1,fragariae,Fusarium oxysporum,BRIP5168a,FOSC
GCA_016166395.1,fragariae,Fusarium oxysporum,160618,FOSC
GCA_016166415.1,fragariae,Fusarium oxysporum,160609,FOSC
GCA_016167825.1,fragariae,Fusarium oxysporum,80701,FOSC
GCA_016170085.2,fragariae,Fusarium oxysporum,GL1080,FOSC
GCA_016170095.2,fragariae,Fusarium oxysporum,GL1381,FOSC
GCA_016906485.1,physali,Fusarium oxysporum,MAP5,FOSC
GCA_016952355.1,NA,Fusarium culmorum,Class2-1B,FSAMSC
GCA_017654635.1,physali,Fusarium oxysporum,B01,FOSC
GCA_017654645.1,physali,Fusarium oxysporum,A72,FOSC
GCA_017654655.1,physali,Fusarium oxysporum,B04,FOSC
GCA_017654665.1,physali,Fusarium oxysporum,B117,FOSC
GCA_017656985.1,NA,Fusarium boothii,CBS 316.73,FSAMSC
GCA_017657105.1,NA,Fusarium acaciae,mearnsii CBS 110255,FSAMSC
GCA_018104275.1,NA,Fusarium langsethiae,Fe2391,FSAMSC
GCA_018886245.1,NA,Fusarium brachygibbosum,HN-1,FSAMSC
GCA_018894095.1,conglutinans,Fusarium oxysporum,Cong1-1,FOSC
GCA_019054645.1,NA,Fusarium sporotrichioides,S17/16,FSAMSC
GCA_019055205.1,NA,Fusarium cerealis,S18/34,FSAMSC
GCA_019593445.1,niveum,Fusarium oxysporum,150523,FOSC
GCA_019593455.1,niveum,Fusarium oxysporum,110407-3-1-1,FOSC
GCA_019593505.1,niveum,Fusarium oxysporum,150524,FOSC
GCA_019609905.1,NA,Fusarium poae,DAOMC 252244,FSAMSC
GCA_019670925.1,lini,Fusarium oxysporum,482,FOSC
GCA_019670985.1,lini,Fusarium oxysporum,525,FOSC
GCA_019671045.1,lini,Fusarium oxysporum,476,FOSC
GCA_019671085.1,lini,Fusarium oxysporum,483,FOSC
GCA_019671095.1,lini,Fusarium oxysporum,456,FOSC
GCA_019721145.1,niveum,Fusarium oxysporum,140508B,FOSC
GCA_019721165.1,niveum,Fusarium oxysporum,150319,FOSC
GCA_019721175.1,niveum,Fusarium oxysporum,150515-1,FOSC
GCA_020744135.1,NA,Fusarium venenatum,MPI-CAGE-CH-0201,FSAMSC
GCA_020744385.1,NA,Fusarium flagelliforme,FIESC 12,FIESC
GCA_020975805.1,melonis,Fusarium oxysporum,ICMP 8357,FOSC
GCA_020975825.1,melonis,Fusarium oxysporum,JCM 9289,FOSC
GCA_020975845.1,melonis,Fusarium oxysporum,JCM 9288,FOSC
GCA_020975875.1,melonis,Fusarium oxysporum,NRRL 26174,FOSC
GCA_020975915.1,melonis,Fusarium oxysporum,NRRL 26172,FOSC
GCA_020975975.1,melonis,Fusarium oxysporum,NRRL 22521,FOSC
GCA_020975985.1,melonis,Fusarium oxysporum,TST,FOSC
GCA_020975995.1,melonis,Fusarium oxysporum,ATCC 32669,FOSC
GCA_020976025.1,melonis,Fusarium oxysporum,D-Oleon-8,FOSC
GCA_020976035.1,melonis,Fusarium oxysporum,Fom0125,FOSC
GCA_020976075.1,melonis,Fusarium oxysporum,Taip2a,FOSC
GCA_020976085.1,melonis,Fusarium oxysporum,Tai3,FOSC
GCA_020976095.1,melonis,Fusarium oxysporum,T61/1,FOSC
GCA_020976115.1,melonis,Fusarium oxysporum,Seif3a,FOSC
GCA_020976145.1,melonis,Fusarium oxysporum,NYFom62,FOSC
GCA_020976165.1,melonis,Fusarium oxysporum,R12/13,FOSC
GCA_020976175.1,melonis,Fusarium oxysporum,Nasr1,FOSC
GCA_020976195.1,melonis,Fusarium oxysporum,Mah9a,FOSC
GCA_020976235.1,melonis,Fusarium oxysporum,Khaf1,FOSC
GCA_020976245.1,melonis,Fusarium oxysporum,I1/1,FOSC
GCA_020976255.1,melonis,Fusarium oxysporum,FomGol,FOSC
GCA_020976275.1,melonis,Fusarium oxysporum,Busherh-2s,FOSC
GCA_020976345.1,melonis,Fusarium oxysporum,660A/17,FOSC
GCA_020976355.1,melonis,Fusarium oxysporum,10390,FOSC
GCA_020976365.1,melonis,Fusarium oxysporum,Yazd2,FOSC
GCA_020976375.1,melonis,Fusarium oxysporum,50798,FOSC
GCA_020976425.1,melonis,Fusarium oxysporum,NYFom3,FOSC
GCA_020976435.1,melonis,Fusarium oxysporum,P13,FOSC
GCA_020976445.1,melonis,Fusarium oxysporum,Kavar 22,FOSC
GCA_020976455.1,melonis,Fusarium oxysporum,KT2a,FOSC
GCA_020976485.1,melonis,Fusarium oxysporum,I-17,FOSC
GCA_020976505.1,melonis,Fusarium oxysporum,18L,FOSC
GCA_020976525.1,melonis,Fusarium oxysporum,Pathtah,FOSC
GCA_025258505.1,NA,Fusarium asiaticum,KCTC 16664,FSAMSC
GCA_040822135.1,NA,Fusarium purpurascens,C058,FOSC
GCA_040822145.1,NA,Fusarium tardichlamydosporum,C135,FOSC
GCA_040822225.1,NA,Fusarium phialophorum,CR1.1,FOSC
GCA_041380375.1,NA,Fusarium veterinarium,cuttings,FOSC
GCA_044647245.1,NA,Fusarium inflexum,JTHABCO3.1,FOSC
GCA_047716405.1,NA,Fusarium chlamydosporum,IraGTOF6,FCSC
IraGTOF11,NA,Fusarium oxysporum,IraGTOF11,FOSC
